Student_ID,Study_Hours,Attendance,Previous_Exam_Marks,Assignment_Marks,Quiz_Marks,Internal_Marks,Practice_Tests,Sleep_Hours,Previous_Semester_GPA,Class_Participation,Study_Days_Per_Week,Final_Exam_Marks
S0001,2.5,77.0,64.1,83.4,43.2,50.9,13,8.0,6.92,4,7,70.1
S0002,0.8,57.8,54.3,47.0,31.1,83.1,15,7.6,5.43,3,3,50.3
S0003,8.9,91.6,76.7,99.2,65.7,40.1,10,5.3,6.88,3,4,85.6
S0004,6.0,70.1,79.1,62.9,63.6,41.5,15,8.5,6.45,5,4,83.3
S0005,4.1,77.7,78.9,70.7,93.5,64.2,0,7.2,7.78,1,6,60.4
S0006,6.0,74.6,45.6,84.9,81.0,44.1,14,7.6,7.55,5,3,69.3
S0007,5.0,81.9,55.3,80.2,65.2,62.9,12,6.8,5.87,3,1,77.4
S0008,5.2,75.5,64.6,67.9,86.3,52.9,15,6.9,7.79,4,7,79.2
S0009,4.3,81.8,35.0,59.2,63.4,77.8,14,7.6,7.88,5,3,50.3
S0010,8.6,87.5,62.9,43.7,54.3,63.7,3,5.9,8.26,2,4,73.0
S0011,7.8,58.7,61.7,70.1,80.2,68.0,6,6.1,7.18,5,3,68.3
S0012,2.8,70.3,66.8,78.7,89.0,63.4,4,7.1,6.64,2,5,57.9
S0013,7.3,77.0,40.9,74.5,87.5,76.2,9,7.0,6.31,2,5,72.9
S0014,8.5,73.1,39.8,82.0,70.9,86.9,0,4.7,6.65,3,4,60.9
S0015,3.8,60.7,87.1,71.0,78.4,46.5,6,6.8,6.07,5,2,68.3
S0016,4.1,64.9,84.5,41.5,66.9,79.4,14,8.5,7.25,4,6,76.4
S0017,5.7,51.5,69.2,55.4,83.2,83.4,4,5.7,8.19,4,3,65.0
S0018,2.1,69.9,57.1,57.8,65.1,76.0,13,6.3,5.23,5,4,69.2
S0019,4.4,77.8,64.6,58.4,42.5,50.4,0,9.1,8.4,3,4,48.0
S0020,7.0,64.3,34.0,82.7,58.7,71.3,6,5.4,7.56,5,7,63.7
S0021,5.0,65.9,54.7,58.1,67.3,42.4,8,5.3,6.49,1,6,64.2
S0022,6.6,81.3,42.8,60.4,68.6,38.8,10,5.7,5.68,1,4,60.0
S0023,7.2,90.3,52.7,91.8,38.6,51.6,9,5.5,7.43,5,7,65.5
S0024,5.3,81.5,68.0,87.9,56.9,50.4,14,6.8,7.39,1,6,82.7
S0025,4.0,76.9,90.3,57.2,55.7,78.1,1,7.8,6.5,1,3,66.5
S0026,8.5,85.9,44.1,78.7,57.1,84.0,10,5.9,4.25,1,2,62.3
S0027,5.3,60.5,44.4,62.3,70.9,69.9,0,6.8,4.88,4,4,49.0
S0028,5.6,85.1,48.4,39.1,74.0,65.3,12,8.6,7.88,2,1,73.3
S0029,1.2,78.2,60.4,91.0,46.1,68.7,2,8.3,6.93,5,7,64.9
S0030,6.3,70.4,69.7,35.8,92.8,62.6,7,7.6,8.3,4,6,83.8
S0031,8.8,93.0,51.4,81.7,58.3,49.6,11,6.9,6.58,4,7,72.4
S0032,2.8,73.9,63.1,34.0,58.8,89.2,13,8.1,7.25,1,3,60.5
S0033,4.0,83.7,45.3,77.4,98.3,32.4,6,8.4,7.47,3,5,69.3
S0034,4.9,94.6,77.0,74.3,90.9,42.7,4,7.8,6.06,3,3,72.4
S0035,1.7,79.7,75.7,51.8,55.7,65.3,11,5.6,6.3,1,7,58.8
S0036,4.3,86.4,82.9,93.6,97.2,47.6,0,5.8,6.89,2,1,64.4
S0037,7.5,77.4,81.4,73.6,27.5,58.5,11,6.3,6.86,5,5,77.5
S0038,3.8,59.8,78.5,44.7,54.1,55.1,3,6.5,8.62,1,5,64.5
S0039,4.8,87.0,70.8,66.6,68.5,40.7,2,8.1,7.84,3,7,65.5
S0040,4.3,78.8,56.1,85.9,71.3,63.5,10,5.8,7.98,2,7,67.3
S0041,5.8,71.6,75.7,64.7,78.3,58.8,4,6.8,6.98,2,4,68.0
S0042,3.8,87.5,61.5,50.7,70.1,51.5,4,7.2,4.86,3,5,73.4
S0043,4.4,73.6,33.1,76.4,72.0,56.8,15,8.7,8.21,5,5,70.0
S0044,3.8,91.3,72.6,35.6,67.5,52.5,10,7.2,7.14,4,7,76.1
S0045,7.5,71.3,35.6,55.4,44.7,80.3,8,6.4,7.85,4,5,64.1
S0046,2.1,82.6,65.2,35.8,42.6,56.5,7,9.0,5.4,2,6,67.1
S0047,3.7,79.0,72.1,75.0,67.5,43.0,8,9.0,4.12,5,6,63.6
S0048,8.2,76.0,69.9,61.8,57.0,62.9,15,8.6,8.16,1,6,78.0
S0049,4.6,51.7,76.9,57.3,75.7,49.4,8,7.0,7.63,3,2,54.8
S0050,7.2,83.5,69.2,68.7,66.4,80.7,15,7.4,8.24,5,5,79.4
S0051,3.8,70.4,56.9,53.1,94.8,81.1,5,7.9,9.13,5,5,79.4
S0052,7.9,95.5,34.3,56.6,62.2,80.5,4,7.0,7.91,3,7,61.4
S0053,7.3,76.5,65.9,82.3,57.4,97.3,12,7.1,7.6,2,2,71.7
S0054,2.8,62.1,76.2,80.2,68.0,77.2,1,6.2,5.9,2,2,57.3
S0055,3.5,78.2,57.7,66.7,49.5,37.7,5,7.6,6.4,5,4,74.0
S0056,3.7,77.4,81.8,46.4,72.3,59.9,10,5.6,6.77,4,1,59.6
S0057,1.9,71.8,78.9,75.7,79.0,56.4,0,5.7,5.31,1,4,57.7
S0058,7.0,67.2,69.9,68.1,59.7,65.1,13,7.8,6.59,3,6,72.3
S0059,3.1,70.1,73.3,88.7,67.5,63.0,6,7.8,4.8,1,3,62.9
S0060,2.8,63.7,69.0,53.6,88.8,93.3,0,7.1,5.01,3,3,55.3
S0061,6.1,73.5,62.8,66.8,54.7,57.6,4,5.4,5.01,2,3,51.5
S0062,5.2,91.7,70.2,61.0,53.7,71.1,14,6.9,6.91,5,7,81.7
S0063,4.8,59.1,53.7,40.5,68.6,39.5,14,7.2,6.29,5,4,55.0
S0064,2.8,70.5,33.9,63.9,48.3,80.9,0,9.3,7.7,1,7,49.2
S0065,5.2,60.6,88.8,86.4,73.9,55.3,15,6.1,7.56,4,6,82.7
S0066,7.2,70.2,36.1,57.1,49.4,48.8,3,7.3,7.07,4,5,62.5
S0067,1.2,92.7,58.9,40.0,63.7,45.5,7,8.4,5.96,4,7,58.9
S0068,5.2,77.5,87.5,49.0,59.5,50.5,2,7.2,6.58,1,7,65.2
S0069,2.4,96.8,59.6,34.1,50.2,53.1,5,7.1,8.64,1,3,63.3
S0070,3.2,87.5,76.6,70.7,84.5,65.6,1,6.5,8.43,4,7,87.3
S0071,8.3,80.8,35.2,88.4,81.6,48.9,15,4.9,4.6,1,3,66.6
S0072,5.5,76.0,52.9,85.0,74.4,47.4,7,7.0,4.22,3,2,67.4
S0073,4.9,75.7,51.9,36.7,60.3,41.4,5,5.8,5.15,2,5,52.7
S0074,9.0,81.5,62.4,37.5,40.5,74.5,7,8.2,6.64,2,6,63.5
S0075,6.6,63.9,65.6,50.2,78.9,41.4,15,7.4,7.37,3,5,73.5
S0076,5.7,51.5,52.5,48.4,82.9,87.8,5,6.4,6.86,1,3,62.0
S0077,7.9,63.9,62.0,46.9,71.6,74.4,5,7.3,6.75,4,1,69.3
S0078,4.8,62.3,86.2,37.7,69.3,88.4,12,7.4,3.37,5,1,73.9
S0079,2.3,87.1,61.4,44.2,60.2,53.7,14,7.8,8.12,3,4,64.6
S0080,3.6,70.2,47.4,72.4,34.9,50.3,9,7.7,7.75,4,2,51.0
S0081,7.3,81.8,47.3,47.3,60.2,67.7,12,5.9,6.92,5,5,80.8
S0082,3.9,91.2,51.9,68.7,36.0,68.5,6,6.3,8.21,5,2,62.1
S0083,4.4,72.6,63.6,43.2,56.5,35.4,10,7.2,8.15,2,6,55.2
S0084,6.9,92.7,54.2,74.4,89.8,64.0,11,7.9,6.84,1,4,67.3
S0085,4.8,73.1,82.1,62.7,88.5,52.1,12,6.5,7.68,1,1,71.8
S0086,5.3,76.0,77.2,65.8,49.7,34.7,2,9.4,4.81,4,1,65.3
S0087,4.4,71.6,64.3,84.8,42.8,51.6,9,8.6,4.65,1,7,61.9
S0088,5.4,59.2,42.8,81.1,82.6,65.8,15,6.5,5.25,1,3,67.8
S0089,3.3,75.0,87.2,87.2,86.0,65.7,13,7.9,4.91,1,6,63.9
S0090,1.9,76.8,61.7,62.1,42.8,36.9,5,6.8,4.39,5,5,57.7
S0091,3.4,59.9,87.3,35.7,46.4,67.9,9,6.2,7.96,1,6,69.0
S0092,2.1,88.9,40.7,78.7,54.2,60.8,9,6.1,8.08,5,2,77.2
S0093,4.8,67.7,65.8,57.2,63.5,60.2,8,5.9,8.81,5,4,76.2
S0094,3.7,68.2,43.2,72.2,27.5,49.4,10,7.7,7.61,1,6,66.7
S0095,3.8,81.3,67.9,72.3,72.1,92.0,13,7.9,6.56,3,5,77.6
S0096,3.9,83.8,76.0,79.3,30.7,60.2,1,7.3,8.31,3,5,67.8
S0097,8.8,85.7,43.6,61.2,54.0,55.0,8,4.2,5.47,1,2,64.5
S0098,8.1,93.8,65.2,47.4,69.5,64.4,1,6.3,4.74,4,2,76.7
S0099,2.5,98.7,83.3,79.9,40.2,67.2,12,4.8,6.51,5,6,88.3
S0100,3.6,91.2,65.8,82.0,62.7,86.5,13,6.4,5.74,5,2,78.3
S0101,5.3,83.2,39.3,91.8,61.5,62.9,4,8.0,5.84,1,7,65.5
S0102,8.6,75.7,68.3,54.6,47.7,77.2,9,4.7,4.7,4,4,75.7
S0103,2.1,73.2,40.0,96.7,59.4,70.6,8,7.2,5.33,3,1,55.3
S0104,6.8,57.2,51.0,70.5,77.4,81.5,5,5.6,6.93,1,4,74.5
S0105,3.4,81.3,58.0,53.5,49.0,57.8,2,8.7,7.08,5,3,64.0
S0106,1.8,78.6,79.1,55.8,54.8,69.1,1,8.8,5.06,4,4,51.5
S0107,7.5,92.9,72.1,54.7,45.0,90.8,13,5.1,5.98,3,2,87.8
S0108,6.9,91.4,54.5,65.8,82.8,69.9,0,4.7,5.97,1,6,63.6
S0109,7.0,58.8,63.6,69.1,61.4,56.7,7,4.9,8.18,5,6,60.8
S0110,5.8,56.3,69.5,84.3,50.5,87.2,11,8.1,6.88,1,6,76.1
S0111,5.5,84.5,32.9,67.0,72.4,69.4,1,6.9,8.33,4,4,73.2
S0112,7.2,93.5,53.1,56.7,52.0,50.0,6,6.9,7.43,1,1,71.4
S0113,6.2,77.8,57.4,64.0,78.2,69.4,6,7.7,5.91,3,7,64.3
S0114,4.3,74.7,41.4,63.2,59.5,50.4,15,6.2,5.98,2,6,63.5
S0115,7.5,84.0,75.6,70.2,81.4,73.9,5,5.2,5.22,2,3,68.4
S0116,4.4,92.7,79.6,76.6,79.4,71.7,1,6.2,8.48,4,3,70.1
S0117,5.8,56.7,59.1,69.3,62.3,55.7,2,5.5,7.43,1,6,73.7
S0118,3.4,70.7,66.6,60.6,52.0,68.2,8,4.5,5.82,2,5,67.1
S0119,8.0,85.1,53.9,94.4,75.5,96.2,2,8.0,4.9,3,4,83.5
S0120,2.3,72.4,74.1,75.4,75.0,26.2,1,8.6,9.35,1,6,61.4
S0121,3.7,61.3,32.9,42.3,32.6,87.9,14,8.0,5.36,5,2,39.4
S0122,1.6,75.4,49.4,60.3,94.1,62.8,3,8.6,9.16,4,7,65.8
S0123,2.1,59.6,59.6,62.3,41.1,48.6,7,7.0,8.95,1,7,53.8
S0124,0.8,48.8,47.3,54.1,62.8,41.1,13,7.0,6.07,3,2,59.2
S0125,6.7,67.3,36.6,85.3,46.1,61.3,2,8.0,7.83,4,4,68.0
S0126,4.7,83.4,66.8,72.7,50.6,80.0,2,7.8,8.53,2,4,70.4
S0127,1.9,61.2,63.2,83.5,65.6,44.2,3,5.6,7.04,5,5,65.0
S0128,4.6,51.9,59.7,81.4,56.8,65.4,10,5.0,6.33,2,7,69.5
S0129,3.8,73.3,60.2,82.2,46.7,84.1,10,7.3,5.34,5,6,77.1
S0130,4.4,96.1,70.8,75.0,47.8,53.2,13,6.7,5.06,2,5,72.3
S0131,1.4,81.6,67.9,93.9,31.9,73.4,4,7.7,5.95,2,1,60.8
S0132,2.8,66.3,62.4,93.4,77.2,71.1,11,4.9,4.3,1,5,62.3
S0133,9.1,79.6,65.8,35.7,44.8,44.0,1,8.2,5.56,2,3,64.4
S0134,4.0,84.1,72.9,53.9,70.8,64.7,4,8.8,6.33,1,6,61.8
S0135,4.7,58.9,79.6,64.4,43.8,41.8,11,6.7,6.57,1,2,68.2
S0136,9.5,82.5,59.3,86.1,50.7,50.8,15,6.3,6.33,3,7,84.2
S0137,3.8,56.6,80.5,77.7,44.6,73.4,1,6.8,8.4,4,1,64.8
S0138,6.3,57.2,69.2,52.3,85.1,53.5,7,7.4,4.43,3,5,50.9
S0139,4.0,79.8,65.8,64.6,66.9,75.6,10,6.1,4.74,1,1,67.8
S0140,1.4,64.0,27.3,47.9,80.5,27.4,3,5.2,6.86,2,5,49.7
S0141,5.5,86.7,76.8,94.7,55.5,66.3,4,8.2,9.57,4,6,71.8
S0142,4.0,61.4,43.5,76.6,49.4,87.6,12,5.9,7.92,5,4,58.8
S0143,4.6,54.7,72.1,62.5,85.2,54.3,12,7.1,6.02,2,3,72.4
S0144,3.5,90.1,68.8,51.5,78.6,80.1,15,6.4,7.63,4,4,82.9
S0145,4.2,68.7,94.8,77.8,41.9,68.1,12,7.8,7.33,3,1,74.7
S0146,8.3,49.7,60.2,61.5,54.2,50.7,6,7.0,8.76,5,2,74.1
S0147,4.1,87.6,62.3,35.5,75.8,67.6,9,6.1,6.34,5,3,67.8
S0148,3.3,64.1,55.6,69.8,79.2,85.3,13,6.6,7.4,1,4,67.1
S0149,3.9,77.0,86.5,62.3,61.3,55.1,1,7.0,6.83,1,6,71.1
S0150,4.3,86.1,35.1,72.9,83.4,60.1,10,6.1,8.64,5,4,65.2
S0151,2.2,48.7,75.2,69.0,77.3,60.0,0,4.7,7.74,2,2,67.0
S0152,1.2,58.3,84.4,65.3,69.7,94.5,8,6.4,9.52,5,2,65.3
S0153,1.8,72.8,90.4,51.2,81.3,50.5,14,8.0,5.77,4,3,74.0
S0154,2.4,82.7,82.9,66.3,47.6,54.3,11,8.3,5.46,3,3,77.1
S0155,4.4,85.6,90.9,64.0,45.7,57.4,5,5.1,8.71,5,1,73.6
S0156,2.1,83.6,71.8,68.7,88.5,46.7,5,6.9,4.58,5,2,59.1
S0157,8.5,60.5,81.1,58.3,86.9,41.5,0,8.6,7.37,5,3,75.2
S0158,4.6,63.7,59.0,60.7,67.8,48.8,3,7.0,6.36,3,3,61.9
S0159,2.7,88.2,35.2,65.4,74.0,55.7,2,5.2,6.24,3,4,67.6
S0160,4.3,72.1,68.8,58.9,75.0,85.3,0,6.9,5.74,5,3,71.5
S0161,2.5,69.1,43.7,31.5,50.8,51.7,11,6.8,5.69,1,5,48.5
S0162,4.5,83.6,39.6,61.2,70.7,72.1,13,5.1,9.52,1,1,58.9
S0163,2.5,83.0,83.4,61.5,84.7,54.3,8,6.4,4.34,1,3,71.0
S0164,5.7,80.5,68.8,78.2,37.7,47.7,9,7.2,7.69,5,7,70.3
S0165,7.0,92.8,78.8,70.2,65.3,78.6,1,6.3,7.12,2,1,74.5
S0166,4.6,66.6,69.1,73.7,75.9,66.3,3,6.7,6.02,3,2,61.5
S0167,3.5,69.9,82.8,68.7,57.8,53.3,1,7.8,6.22,5,7,64.2
S0168,6.7,61.7,56.3,69.6,57.3,75.6,2,9.7,7.97,4,6,76.8
S0169,3.2,52.7,57.1,45.5,59.6,76.6,0,6.7,7.49,2,4,49.9
S0170,4.9,60.7,55.3,54.8,40.5,68.1,2,8.8,5.49,1,4,47.4
S0171,3.5,75.3,59.0,74.7,77.1,64.5,12,7.5,4.42,1,3,63.6
S0172,3.5,77.5,77.9,86.5,52.3,94.2,8,4.9,8.64,4,5,65.6
S0173,5.4,74.3,51.1,93.0,49.7,66.9,11,9.1,7.62,1,5,76.6
S0174,6.3,72.9,64.9,87.4,46.7,71.5,12,6.7,4.47,2,1,71.9
S0175,3.0,87.2,65.5,49.4,93.9,78.4,0,8.1,7.39,4,7,62.5
S0176,4.8,87.1,58.7,68.8,65.6,66.5,12,8.0,4.83,5,4,64.7
S0177,4.9,90.1,57.1,68.0,61.4,30.9,11,6.5,7.77,5,2,74.5
S0178,5.6,82.2,71.7,75.8,61.4,38.3,15,7.0,5.29,4,2,64.5
S0179,3.4,69.9,64.4,44.1,63.2,64.5,6,6.7,5.79,2,2,67.3
S0180,4.4,87.2,68.1,54.5,57.5,57.0,10,7.1,6.65,4,4,69.3
S0181,4.7,98.1,56.8,59.8,64.1,41.2,3,9.3,8.3,5,5,70.3
S0182,6.1,99.0,48.9,66.2,89.5,81.7,8,6.4,4.86,3,2,78.9
S0183,3.8,60.6,56.2,54.7,70.4,61.9,12,6.7,7.81,3,4,81.5
S0184,3.0,66.4,47.2,78.1,59.6,93.9,15,6.9,5.52,4,3,77.7
S0185,3.4,88.4,31.4,55.6,36.3,75.9,8,5.8,5.12,2,7,59.0
S0186,3.2,71.2,41.7,79.7,84.5,49.9,3,7.4,7.47,3,7,64.4
S0187,4.5,88.7,83.3,44.7,77.2,87.7,12,6.7,8.23,4,1,86.5
S0188,8.3,52.0,72.5,59.6,46.5,58.3,2,5.2,7.4,4,2,64.7
S0189,4.1,86.6,91.7,61.6,52.5,83.7,1,5.8,8.0,1,6,67.9
S0190,6.4,71.8,66.7,65.5,57.3,41.7,7,5.0,9.33,1,4,71.3
S0191,2.0,86.8,56.3,62.8,57.5,75.2,5,5.9,5.74,5,5,65.5
S0192,6.3,62.4,72.3,57.4,78.3,64.5,5,6.0,6.75,3,2,67.3
S0193,0.6,97.2,79.0,71.7,77.2,71.6,3,8.7,4.89,4,3,61.9
S0194,3.7,87.2,76.1,58.9,54.4,70.2,2,7.3,8.56,3,7,83.5
S0195,6.1,72.1,68.8,77.2,81.3,67.5,2,6.9,7.75,2,6,64.2
S0196,5.8,75.0,30.8,56.9,59.3,80.9,13,7.0,5.97,5,7,73.1
S0197,4.2,70.8,74.1,93.3,78.3,65.8,15,6.7,5.02,2,5,80.4
S0198,5.9,85.8,62.6,75.4,63.3,73.2,15,5.9,6.74,5,1,64.5
S0199,4.9,93.8,61.6,55.8,61.8,78.3,10,5.7,5.87,2,4,60.8
S0200,3.5,60.6,54.5,75.4,64.7,59.9,8,7.6,4.95,3,1,49.9
S0201,8.6,62.5,40.1,95.9,58.0,59.6,11,7.5,7.98,4,1,63.1
S0202,5.9,77.7,64.0,62.0,77.0,75.5,7,8.2,7.06,1,4,78.9
S0203,4.5,80.0,50.9,45.9,58.2,34.3,12,4.9,6.32,4,4,63.6
S0204,3.5,75.2,61.8,68.8,65.1,63.9,3,6.9,6.57,4,6,64.2
S0205,1.9,90.5,81.4,53.7,56.8,72.2,13,9.1,6.26,2,4,69.3
S0206,4.3,68.3,62.1,47.2,95.4,63.4,6,6.0,5.29,3,7,60.9
S0207,5.6,66.8,87.7,63.8,79.7,31.4,9,6.2,4.63,1,1,70.4
S0208,3.3,59.2,65.0,86.2,57.1,29.8,9,7.2,6.23,2,1,45.8
S0209,4.2,77.0,33.0,68.4,75.8,53.0,6,9.5,7.27,1,4,58.1
S0210,3.9,85.9,81.7,90.0,72.5,58.5,10,7.8,7.41,3,1,87.3
S0211,4.3,84.3,44.6,64.9,36.4,88.0,4,5.0,8.05,4,4,70.4
S0212,4.5,74.2,69.7,64.0,62.1,63.0,12,7.3,6.68,2,1,65.2
S0213,4.3,78.3,75.8,70.8,72.0,95.8,0,7.4,7.09,4,5,70.1
S0214,4.5,80.3,81.5,50.0,59.0,69.3,0,4.9,6.53,5,3,52.7
S0215,5.5,84.0,65.5,68.2,67.1,60.1,11,9.0,9.2,3,2,62.0
S0216,9.2,88.5,54.8,90.8,58.6,42.3,13,4.9,6.49,2,5,64.0
S0217,7.7,70.3,57.3,75.4,82.8,54.5,1,7.1,8.5,4,7,76.5
S0218,3.8,67.7,74.5,74.5,64.7,79.1,3,6.7,9.03,2,4,73.4
S0219,5.9,69.2,48.4,74.3,77.2,34.0,15,6.3,7.67,5,6,74.2
S0220,6.2,86.1,83.6,57.8,57.2,45.0,10,8.9,7.21,2,7,67.6
S0221,3.8,90.7,66.6,65.3,36.9,49.3,6,7.2,8.02,2,7,77.4
S0222,3.0,80.6,56.8,68.9,83.7,74.5,13,9.3,4.47,1,3,74.5
S0223,4.7,55.7,84.0,81.0,55.3,64.2,11,5.9,3.96,1,2,73.6
S0224,6.8,95.7,72.9,87.6,59.6,55.4,15,7.1,4.01,1,1,65.9
S0225,4.7,54.5,90.3,49.8,69.5,73.1,1,6.8,7.91,4,7,76.0
S0226,7.5,76.8,60.8,84.7,88.7,72.4,5,4.8,5.74,2,2,69.5
S0227,8.1,56.7,43.5,70.3,54.1,75.1,6,5.8,6.34,1,1,75.3
S0228,2.2,93.0,37.2,63.4,84.1,43.6,0,7.5,9.58,5,6,57.2
S0229,6.4,66.8,46.3,49.7,94.0,33.0,1,5.3,6.38,4,4,72.2
S0230,4.3,82.7,52.4,46.2,71.7,65.7,3,6.2,9.56,4,6,72.4
S0231,7.6,84.6,36.5,52.2,86.0,75.3,7,7.5,6.65,4,7,70.4
S0232,7.1,61.8,56.4,40.5,37.3,66.4,5,9.8,5.9,1,3,54.2
S0233,3.4,85.6,55.8,67.3,64.0,42.6,7,8.6,7.88,4,6,65.1
S0234,5.2,88.3,44.1,72.4,73.2,49.1,10,6.6,9.48,1,7,54.9
S0235,2.2,60.1,64.1,75.5,67.2,56.3,1,5.4,6.0,4,4,64.2
S0236,7.2,60.0,79.4,74.9,89.8,73.2,12,7.2,5.82,3,5,94.6
S0237,5.4,82.6,52.6,44.2,57.6,37.7,6,6.2,3.9,5,2,54.7
S0238,8.6,69.8,68.9,71.6,87.5,38.9,3,7.3,6.7,1,7,60.5
S0239,3.5,78.3,67.0,71.3,45.3,88.0,9,8.3,7.79,3,6,73.4
S0240,4.8,71.5,81.4,61.5,75.4,38.9,3,8.3,7.87,3,2,63.8
S0241,1.9,67.4,54.7,69.4,47.3,85.0,9,4.8,6.59,3,1,56.2
S0242,4.5,75.4,56.7,56.1,57.6,45.9,1,5.0,9.67,1,5,61.3
S0243,7.1,70.7,51.0,68.3,31.2,71.5,0,7.7,7.27,3,6,65.4
S0244,9.8,59.1,42.0,49.8,64.3,74.4,5,5.5,7.64,5,7,79.3
S0245,5.1,78.9,74.3,58.6,46.4,72.6,2,8.0,4.6,5,1,75.9
S0246,2.8,68.3,53.3,73.1,44.3,60.6,10,7.4,6.32,4,7,63.9
S0247,4.1,93.9,50.3,81.7,69.1,87.7,12,7.4,8.49,4,6,74.4
S0248,5.1,80.7,62.1,58.4,55.8,85.7,3,7.8,6.74,4,2,60.9
S0249,5.9,70.5,63.1,80.0,94.0,36.7,1,4.8,7.74,2,1,66.7
S0250,3.5,66.1,46.3,85.7,63.0,57.1,15,6.9,5.34,5,3,62.8
S0251,3.5,50.9,44.2,77.3,65.7,56.9,12,6.2,7.49,1,1,58.8
S0252,6.1,76.0,42.3,51.2,83.1,69.6,10,9.0,6.47,5,7,76.2
S0253,1.9,88.2,80.0,59.1,59.4,61.0,4,7.6,6.75,3,6,78.0
S0254,2.6,65.6,58.4,65.5,85.3,74.9,13,6.9,8.04,1,3,65.0
S0255,5.9,73.8,84.4,77.7,38.3,51.8,13,7.2,7.1,4,3,77.9
S0256,4.9,64.7,86.9,69.1,79.1,73.9,6,6.3,4.93,4,3,80.9
S0257,6.6,72.2,36.2,75.2,76.6,52.6,13,8.5,7.5,2,2,60.7
S0258,8.5,80.2,79.8,44.9,43.3,65.1,15,5.2,4.13,3,2,73.0
S0259,3.4,60.5,64.2,67.9,59.6,69.5,4,8.0,6.05,2,5,52.8
S0260,8.9,65.0,72.4,50.3,59.9,74.4,3,5.0,6.09,1,4,85.0
S0261,5.1,97.1,72.4,66.6,81.5,85.4,4,5.2,6.39,2,1,71.3
S0262,4.3,66.8,78.1,55.4,78.2,79.4,10,7.7,6.27,3,7,81.6
S0263,5.5,62.6,89.4,62.5,83.9,65.7,10,8.4,6.75,3,6,82.9
S0264,6.1,73.1,60.1,80.8,57.7,66.5,12,8.8,7.61,3,7,80.0
S0265,1.1,75.5,88.8,45.0,59.1,73.3,9,7.2,5.64,5,4,71.1
S0266,4.4,90.1,80.0,42.2,56.7,62.3,11,7.2,5.95,3,2,80.6
S0267,4.1,83.0,44.1,68.6,74.5,45.3,13,7.5,4.45,4,1,60.5
S0268,1.2,82.5,82.9,58.2,34.4,62.5,3,6.2,8.56,5,2,60.8
S0269,1.5,78.9,82.2,46.1,67.6,55.5,10,7.0,5.81,3,6,73.4
S0270,4.6,89.9,90.4,63.7,60.8,78.0,7,5.4,8.41,3,2,76.4
S0271,6.1,83.5,42.0,60.8,87.4,46.4,9,6.3,7.21,1,7,71.6
S0272,3.6,72.4,53.6,69.5,47.4,30.0,5,7.6,5.75,5,4,61.3
S0273,8.6,80.8,40.0,48.9,56.9,71.3,10,6.9,8.28,5,4,61.8
S0274,5.7,77.0,73.9,42.1,78.4,62.7,13,9.6,5.69,1,6,62.0
S0275,4.3,77.5,79.2,72.2,68.4,72.4,7,4.9,6.61,5,5,68.3
S0276,5.1,58.7,33.0,62.4,61.4,67.6,12,8.8,9.39,3,6,58.8
S0277,5.8,57.9,57.2,54.2,53.4,42.8,4,6.9,9.62,2,5,62.8
S0278,4.2,67.1,61.9,73.8,66.6,32.8,1,7.7,8.86,1,7,62.4
S0279,8.3,67.9,87.2,68.8,75.1,93.2,5,6.2,8.08,1,3,82.3
S0280,3.3,77.6,87.4,74.8,35.1,48.3,15,5.0,7.17,2,3,61.5
S0281,6.6,80.4,51.6,84.6,48.7,84.8,4,6.9,8.67,3,7,74.7
S0282,8.0,96.5,77.9,75.3,60.6,92.2,13,6.9,5.57,4,3,96.6
S0283,2.6,76.2,58.1,83.2,57.3,32.7,2,9.3,7.14,3,1,45.6
S0284,2.9,86.4,45.8,71.2,44.3,83.7,15,8.3,7.75,5,1,69.5
S0285,7.1,71.9,79.2,57.8,70.7,81.0,13,7.5,6.92,1,3,69.1
S0286,3.9,80.3,78.9,57.4,48.8,50.4,9,4.6,6.0,1,5,57.3
S0287,4.4,82.9,57.8,52.3,89.8,54.7,6,5.2,4.42,2,4,56.4
S0288,2.9,63.9,36.9,45.8,64.1,70.6,8,6.1,7.82,1,2,45.2
S0289,5.9,80.2,58.5,67.9,38.7,41.0,7,8.3,5.22,5,3,70.3
S0290,8.4,89.7,77.0,60.8,65.8,72.6,0,7.8,3.91,2,6,59.9
S0291,2.9,93.6,93.1,51.8,49.6,71.6,10,8.5,6.01,1,3,71.1
S0292,3.7,70.7,41.8,91.6,29.9,91.4,9,7.5,4.75,5,3,76.1
S0293,3.2,82.4,74.7,58.6,77.2,57.0,6,9.2,6.86,2,2,58.6
S0294,4.7,90.2,50.6,67.4,77.7,63.8,1,8.3,5.21,5,2,54.8
S0295,2.7,88.4,54.3,70.3,63.4,70.0,0,6.1,6.49,3,2,58.9
S0296,3.0,79.1,74.5,61.7,72.3,61.4,1,8.0,5.93,3,2,65.1
S0297,3.2,80.7,67.5,79.4,65.5,55.5,13,6.4,8.01,3,1,65.5
S0298,1.1,74.5,69.0,63.8,60.6,54.8,13,8.6,4.59,5,3,48.7
S0299,1.6,98.9,82.5,72.6,55.2,37.5,13,6.6,4.98,5,1,65.7
S0300,3.3,85.5,73.9,77.9,83.9,66.7,3,8.9,7.95,1,6,67.6
S0301,6.3,52.9,41.0,55.4,43.0,43.0,8,6.5,7.18,3,7,52.2
S0302,5.2,76.4,65.2,65.8,62.9,49.9,0,8.1,6.33,3,2,69.0
S0303,2.8,82.8,54.6,57.3,57.8,97.0,15,4.3,3.55,4,2,66.5
S0304,2.3,78.9,78.3,60.2,45.6,51.9,11,8.3,4.41,4,5,65.7
S0305,3.3,62.6,87.2,73.6,53.4,49.1,12,7.2,6.56,4,6,69.4
S0306,7.5,55.9,76.1,76.9,74.1,52.2,9,5.7,6.73,4,6,83.8
S0307,9.8,95.5,53.0,74.4,58.6,63.6,11,9.5,6.66,4,6,73.0
S0308,3.3,92.6,53.0,70.6,34.3,74.2,7,6.5,7.37,1,6,62.9
S0309,4.9,91.8,51.4,63.2,56.3,60.6,8,8.4,5.34,2,5,62.0
S0310,1.5,55.3,67.0,85.1,81.3,79.2,15,6.1,8.11,4,7,81.3
S0311,5.5,63.0,85.5,49.0,39.3,91.3,12,9.3,5.19,1,7,76.4
S0312,7.9,72.8,92.2,44.6,75.9,72.0,13,6.7,5.94,3,3,83.1
S0313,6.5,84.6,74.4,77.6,76.1,76.8,6,6.5,7.06,4,3,87.0
S0314,4.2,88.0,69.9,60.4,56.1,88.3,3,8.4,4.98,4,6,73.5
S0315,6.1,73.3,75.9,50.5,44.2,46.9,4,8.0,7.85,3,7,59.0
S0316,5.1,71.7,33.4,69.7,67.0,46.2,10,8.0,9.11,5,5,61.8
S0317,3.3,92.0,77.6,60.4,68.1,55.1,11,5.6,9.09,2,2,70.2
S0318,4.3,57.0,71.3,60.0,73.1,76.4,8,5.7,7.07,3,7,76.5
S0319,4.8,91.7,71.1,76.6,39.5,68.4,0,9.3,6.34,4,6,67.0
S0320,2.6,83.0,77.5,50.7,60.3,52.6,7,5.9,9.53,3,3,66.2
S0321,5.5,74.1,29.2,78.4,63.6,49.8,6,6.8,5.99,5,2,59.1
S0322,5.3,66.4,46.7,61.6,50.3,80.1,3,8.6,6.0,3,5,61.0
S0323,5.5,77.3,53.3,63.4,77.9,47.2,9,5.8,8.56,5,7,67.0
S0324,7.3,78.7,61.0,52.4,71.1,81.8,5,5.6,5.17,1,1,57.8
S0325,5.8,80.2,63.0,88.8,57.2,62.9,11,5.0,5.86,1,7,82.6
S0326,4.5,76.9,66.9,67.3,68.7,45.7,14,5.1,3.82,1,6,65.3
S0327,2.4,75.3,76.1,85.2,55.7,81.4,13,7.1,5.33,3,6,76.7
S0328,1.1,73.9,88.8,66.8,58.5,52.9,13,7.7,6.44,1,2,64.8
S0329,4.6,83.4,53.0,55.1,41.5,58.1,2,5.9,4.47,1,2,54.5
S0330,7.1,62.3,67.7,94.7,46.1,68.6,0,5.8,6.96,3,4,65.2
S0331,4.1,89.0,81.6,53.9,63.9,92.5,15,7.1,7.02,1,2,67.7
S0332,2.7,84.0,49.8,78.3,54.5,50.4,9,9.1,7.22,5,2,60.2
S0333,3.6,86.3,55.4,61.8,54.7,64.2,5,6.8,7.43,3,3,60.1
S0334,4.4,76.3,93.0,79.8,32.9,28.2,9,4.8,7.11,3,6,75.3
S0335,3.6,55.7,87.4,68.2,42.7,49.3,15,9.0,4.4,1,6,67.5
S0336,4.7,57.3,42.4,66.6,57.8,72.1,1,8.2,5.7,5,3,59.2
S0337,2.8,72.0,69.9,74.2,61.2,76.5,3,6.7,9.33,4,1,69.0
S0338,5.1,97.1,61.1,70.4,80.3,65.4,4,7.1,8.41,4,2,62.9
S0339,5.4,79.4,83.4,59.4,84.1,63.5,1,8.0,8.9,4,3,71.3
S0340,3.4,81.3,58.3,68.0,60.3,53.9,12,6.1,8.66,4,4,78.5
S0341,7.3,82.9,44.0,44.6,70.1,62.7,8,6.9,5.23,4,5,57.5
S0342,5.0,93.9,46.0,82.4,61.8,82.5,3,7.5,6.89,2,3,76.3
S0343,1.4,69.9,75.5,52.3,51.6,62.1,6,8.3,8.25,3,2,61.0
S0344,5.9,71.9,70.9,72.8,37.2,75.0,4,7.2,6.73,4,5,74.2
S0345,4.4,71.4,80.3,62.9,59.4,62.1,5,5.7,7.85,4,6,68.6
S0346,4.4,81.2,63.6,38.1,85.4,79.6,1,9.0,8.2,5,2,69.8
S0347,6.7,83.4,97.0,60.7,62.7,58.7,14,6.3,7.48,4,3,88.6
S0348,1.8,77.8,49.1,67.6,69.4,67.9,2,7.8,4.78,1,6,45.0
S0349,9.4,82.8,62.3,71.6,42.1,56.9,3,8.0,5.45,3,7,62.8
S0350,4.2,81.2,72.1,48.4,37.9,59.1,5,8.8,5.36,3,3,63.2
S0351,3.9,86.7,70.9,78.9,37.1,33.9,4,6.1,6.05,4,1,38.8
S0352,4.4,69.1,62.6,36.9,67.2,90.7,5,7.0,8.38,3,7,67.7
S0353,4.4,65.4,63.3,56.3,46.9,67.4,0,5.2,5.76,3,3,50.2
S0354,4.8,89.9,53.3,68.2,70.5,63.1,0,6.5,6.35,3,1,60.6
S0355,4.8,98.4,49.3,72.0,68.0,85.5,4,7.8,6.43,5,1,72.0
S0356,8.0,52.4,62.4,60.9,48.6,59.2,4,8.6,5.38,4,6,64.9
S0357,4.2,67.7,49.7,39.8,67.3,63.0,4,4.8,6.69,5,1,49.4
S0358,1.1,79.3,74.6,74.2,64.8,52.5,12,5.9,8.11,4,2,70.3
S0359,4.4,93.3,69.0,84.5,51.4,52.9,5,6.9,5.0,5,6,74.0
S0360,6.7,83.7,42.1,35.0,72.2,41.5,1,6.4,6.14,4,5,55.4
S0361,3.3,84.5,44.9,70.0,40.3,78.4,4,6.6,8.4,1,4,58.9
S0362,1.5,78.8,65.0,68.9,60.4,45.1,3,9.3,5.04,4,2,51.7
S0363,6.7,83.3,55.6,52.4,85.2,42.9,1,6.7,8.79,3,1,53.8
S0364,2.6,73.4,61.2,65.2,72.2,48.4,11,7.2,6.44,4,6,66.9
S0365,4.2,83.8,41.2,61.0,64.7,58.6,7,7.6,4.65,1,7,50.7
S0366,2.7,83.2,46.6,76.8,54.0,56.4,7,6.0,7.25,5,3,68.5
S0367,2.6,79.1,31.0,89.5,62.8,73.7,4,7.2,5.68,1,4,58.1
S0368,3.4,88.1,61.8,75.0,44.9,39.8,11,7.8,5.59,4,1,67.0
S0369,4.4,65.2,76.1,96.7,80.2,41.4,0,7.1,7.51,5,2,69.6
S0370,2.6,56.3,74.7,78.4,35.8,69.6,8,8.0,9.53,5,4,76.0
S0371,4.9,70.4,63.5,84.4,79.8,67.6,8,4.9,7.29,3,7,73.4
S0372,7.8,83.8,72.7,72.8,65.5,62.4,13,6.9,5.54,1,4,71.1
S0373,1.5,84.3,59.2,70.1,63.7,76.1,4,7.1,6.63,1,1,56.5
S0374,3.8,71.3,31.9,62.9,68.6,77.9,9,8.0,4.83,3,2,60.6
S0375,8.0,75.4,39.2,70.2,71.3,52.0,2,9.1,9.37,2,2,62.6
S0376,1.4,76.8,77.5,96.0,62.3,52.5,8,6.9,6.47,1,2,59.3
S0377,5.2,84.0,58.7,69.7,31.4,69.2,2,8.6,7.01,2,2,56.6
S0378,2.6,89.2,73.9,46.3,77.0,62.6,7,9.4,7.59,5,3,81.6
S0379,2.7,71.7,69.6,66.5,62.6,66.5,6,8.1,7.38,3,1,64.1
S0380,5.9,88.1,70.2,75.0,71.8,73.4,10,7.6,6.72,1,1,68.6
S0381,3.8,72.2,60.0,62.5,85.3,57.9,14,7.4,5.69,1,2,55.4
S0382,5.6,86.7,52.9,72.2,57.6,80.6,3,6.3,7.02,1,3,70.6
S0383,3.4,79.6,50.4,57.0,34.3,76.0,6,7.5,9.19,2,5,65.9
S0384,6.0,73.4,68.0,88.7,63.8,63.7,7,6.9,7.48,1,2,68.5
S0385,3.2,72.0,44.2,40.6,83.9,78.5,11,9.5,7.23,3,6,58.2
S0386,9.2,81.2,82.0,64.0,40.7,86.1,6,7.0,6.08,4,5,76.9
S0387,2.9,85.5,79.7,75.4,55.0,62.5,1,8.6,4.79,1,5,65.2
S0388,2.5,69.0,69.4,60.0,78.5,52.1,13,5.5,8.65,4,6,65.3
S0389,3.7,85.7,84.0,66.6,74.5,57.0,5,6.1,5.07,5,3,64.7
S0390,4.6,89.6,71.2,73.6,53.6,82.5,5,7.3,6.61,1,5,72.0
S0391,7.4,69.5,91.2,84.4,92.3,39.6,1,8.0,6.41,4,2,83.0
S0392,4.3,84.0,54.2,79.1,63.6,72.7,5,5.3,7.98,1,7,73.7
S0393,2.9,72.0,39.5,56.2,67.1,89.4,1,7.7,4.57,2,3,33.3
S0394,3.7,77.5,39.0,74.5,65.5,56.9,12,5.7,7.19,4,7,58.3
S0395,9.4,94.2,72.4,75.4,35.0,73.2,3,5.1,6.73,3,5,73.0
S0396,5.5,83.4,55.8,63.0,58.1,54.3,12,6.4,4.17,2,7,51.1
S0397,7.3,70.5,76.4,68.7,67.9,72.0,4,6.3,6.71,2,1,70.8
S0398,3.9,94.6,51.6,55.8,66.5,67.1,13,5.2,4.58,2,6,72.7
S0399,5.4,96.2,60.7,62.7,61.9,66.3,3,5.9,6.39,3,7,78.7
S0400,1.6,58.7,68.9,59.3,59.4,41.0,2,6.8,6.11,5,2,64.5
S0401,3.8,46.3,68.2,63.1,46.8,66.5,4,6.4,8.03,3,3,71.9
S0402,3.8,75.8,60.5,78.5,51.4,57.7,6,6.4,4.81,1,3,57.8
S0403,8.2,70.7,52.7,79.7,51.9,50.2,11,6.7,4.63,1,3,62.5
S0404,1.4,87.4,63.3,66.9,86.7,87.5,8,7.1,4.69,3,3,65.3
S0405,4.6,94.7,80.1,40.8,64.3,70.5,1,7.7,7.68,1,4,63.3
S0406,4.1,71.5,65.6,43.2,55.8,50.5,3,9.6,8.22,3,1,65.1
S0407,5.4,68.0,56.4,40.4,74.5,52.5,4,8.4,5.44,3,5,51.9
S0408,6.3,76.7,65.4,89.4,80.3,39.4,4,5.7,4.72,3,7,62.8
S0409,7.1,80.7,92.7,95.8,63.2,72.8,0,6.5,5.63,3,4,79.3
S0410,6.5,82.8,72.9,88.7,43.7,69.5,15,5.5,8.19,1,7,79.6
S0411,5.7,58.8,40.3,37.5,61.7,41.2,14,6.0,4.72,5,3,53.5
S0412,5.5,76.0,56.9,90.8,60.6,44.3,2,7.2,7.28,1,7,83.3
S0413,7.3,74.9,75.4,42.7,68.8,77.7,14,6.3,6.11,3,1,73.3
S0414,4.9,77.9,77.2,46.6,70.9,45.2,4,5.6,6.15,2,6,65.4
S0415,3.4,84.8,72.6,75.2,67.7,50.3,13,6.5,6.44,3,2,62.9
S0416,5.3,60.9,50.6,63.7,43.5,49.6,0,7.3,8.22,2,4,60.7
S0417,2.8,82.6,63.0,39.9,67.7,61.6,12,5.3,9.67,5,1,51.8
S0418,6.2,71.6,72.5,92.2,38.1,61.5,8,6.3,4.71,3,5,75.8
S0419,5.7,78.1,31.6,70.2,58.0,44.5,11,5.8,7.4,4,7,56.4
S0420,3.9,67.6,44.0,79.1,39.5,66.2,11,7.7,7.04,5,7,71.5
S0421,2.4,86.5,53.2,50.6,57.6,39.5,1,9.1,8.31,3,5,46.8
S0422,1.9,89.8,71.7,54.1,69.9,61.6,7,5.8,6.79,5,2,68.3
S0423,3.7,84.5,77.5,94.3,70.7,59.6,15,6.2,7.83,1,7,87.0
S0424,6.8,82.6,82.9,76.7,84.2,79.5,13,5.8,3.89,5,5,77.0
S0425,7.8,76.7,41.3,36.6,78.2,60.1,4,5.3,7.83,2,2,61.8
S0426,4.7,92.7,57.9,48.7,56.8,64.1,10,6.2,3.42,5,6,61.8
S0427,8.2,50.7,39.1,58.3,71.2,70.4,0,8.2,3.7,1,7,53.4
S0428,6.4,61.8,93.9,58.8,47.4,53.2,13,7.2,5.48,1,1,69.6
S0429,3.0,71.2,56.9,70.2,71.4,72.2,10,7.8,5.27,4,4,82.3
S0430,7.9,86.7,38.8,91.5,51.0,67.1,7,8.3,4.6,2,7,77.1
S0431,7.8,69.9,62.4,56.1,62.4,78.5,2,8.2,5.46,5,6,76.6
S0432,6.7,84.1,86.6,63.0,89.0,77.6,14,6.0,7.35,5,4,93.1
S0433,4.1,76.0,77.1,65.2,74.7,82.2,0,6.1,6.28,2,1,71.2
S0434,1.6,88.3,29.1,49.4,66.0,82.2,9,9.7,6.71,1,7,62.9
S0435,7.2,79.0,82.1,78.5,46.2,47.6,13,7.4,6.79,4,7,76.5
S0436,4.9,81.6,32.6,56.9,70.6,50.7,7,8.5,4.98,3,1,47.7
S0437,3.4,61.7,34.9,80.2,63.7,77.3,2,9.9,8.09,5,6,69.7
S0438,5.5,84.7,61.3,57.1,62.1,57.8,1,8.7,7.2,2,4,72.5
S0439,1.8,68.7,67.5,95.1,73.9,83.7,7,5.6,7.11,4,3,66.7
S0440,5.4,77.3,81.7,32.6,61.1,96.7,1,8.2,6.83,5,2,79.0
S0441,3.2,88.3,51.0,40.4,91.1,59.8,14,6.1,8.9,1,2,65.2
S0442,3.7,67.5,57.1,50.8,71.3,56.2,3,7.4,8.52,5,2,52.9
S0443,4.3,60.9,50.6,67.7,46.7,65.8,0,6.9,3.87,3,4,52.2
S0444,5.1,87.5,51.0,70.0,85.1,81.7,8,6.8,7.64,3,6,70.2
S0445,8.5,73.9,76.1,75.0,78.3,44.5,13,6.9,3.83,5,7,78.9
S0446,4.6,75.1,68.2,39.9,62.2,63.9,3,8.5,7.08,3,3,71.7
S0447,3.4,55.0,80.0,71.0,71.3,38.5,10,6.8,6.12,1,4,58.2
S0448,2.3,64.2,86.3,50.7,88.6,51.4,9,8.1,9.38,3,1,65.5
S0449,4.1,67.3,63.8,38.1,73.9,68.8,2,5.8,5.98,1,4,61.7
S0450,7.1,72.4,58.9,97.0,80.6,67.4,13,7.8,5.56,4,3,77.2
S0451,6.1,92.2,76.8,48.8,85.7,51.4,1,6.8,5.84,4,2,64.6
S0452,8.1,71.0,75.4,94.6,75.3,62.2,12,6.9,9.67,3,1,79.4
S0453,5.6,70.0,71.0,54.7,50.0,72.1,1,6.5,6.89,2,5,66.4
S0454,8.2,86.0,59.1,64.4,77.2,79.5,8,8.0,7.98,5,6,69.7
S0455,6.6,82.5,63.0,59.8,64.0,84.2,3,8.3,5.5,1,5,75.8
S0456,5.6,76.5,80.6,42.2,46.0,46.2,14,7.7,8.4,4,7,80.4
S0457,3.7,72.1,80.9,90.0,96.3,69.6,11,6.5,6.24,5,4,87.4
S0458,5.3,50.5,73.9,89.9,46.6,57.0,8,8.0,6.04,2,2,65.4
S0459,2.5,70.9,48.6,92.2,90.4,71.2,0,6.5,4.85,4,3,53.3
S0460,8.8,87.0,32.9,59.5,73.3,50.2,12,5.6,6.9,1,3,70.4
S0461,7.1,62.2,61.5,36.8,63.1,76.8,14,6.9,8.44,1,7,65.5
S0462,4.1,67.6,64.6,63.3,51.4,51.3,0,5.7,3.1,4,6,67.3
S0463,3.4,75.4,37.0,72.7,87.5,76.4,6,5.3,7.03,4,1,55.8
S0464,4.4,70.5,46.4,61.8,61.0,85.6,11,5.1,9.7,1,2,65.4
S0465,3.9,61.6,65.5,53.0,77.7,88.5,0,7.5,5.73,4,2,60.0
S0466,8.7,80.9,65.0,56.0,76.6,50.1,4,6.6,4.56,4,4,74.2
S0467,5.9,76.2,79.2,88.7,51.7,57.9,4,6.5,4.94,1,6,81.6
S0468,3.9,79.3,56.6,66.6,69.1,51.3,2,9.0,4.44,4,7,52.1
S0469,5.9,63.3,46.6,62.3,73.3,84.5,7,7.5,8.24,5,7,68.5
S0470,4.4,77.6,34.3,43.5,48.7,58.2,7,6.2,6.88,2,5,64.6
S0471,6.5,82.2,53.3,88.0,80.6,83.3,9,7.3,6.76,4,2,75.1
S0472,3.3,87.3,42.2,42.7,66.8,59.5,8,7.5,6.22,4,2,58.3
S0473,6.8,91.8,50.7,65.8,79.9,26.6,1,7.5,6.43,2,5,67.7
S0474,3.8,90.1,26.6,79.6,56.6,62.9,4,7.2,8.8,3,3,65.6
S0475,8.9,71.5,85.5,76.5,67.0,60.5,12,5.0,6.06,2,6,88.1
S0476,3.5,56.6,65.2,48.8,39.9,46.3,4,8.1,8.98,3,5,61.2
S0477,5.1,77.0,41.6,82.8,43.9,43.0,14,5.4,7.23,5,2,55.3
S0478,8.0,77.3,42.4,83.2,59.5,85.6,7,6.9,6.55,3,1,71.6
S0479,4.5,64.3,82.4,52.2,75.0,71.7,7,7.7,7.0,2,7,70.2
S0480,5.6,86.0,38.5,70.6,77.1,39.5,6,7.8,9.58,2,2,57.6
S0481,4.3,77.4,67.8,50.4,84.9,79.9,6,8.6,5.05,3,2,63.3
S0482,4.0,58.1,78.0,89.8,38.8,54.9,6,8.9,5.47,4,7,68.8
S0483,5.3,73.9,58.9,79.1,33.5,30.2,12,7.4,6.72,3,2,59.6
S0484,6.6,94.3,44.9,70.2,92.1,70.9,2,7.3,6.78,5,5,61.0
S0485,2.2,72.1,36.6,72.0,60.5,89.7,9,4.8,4.62,3,1,64.3
S0486,4.5,62.7,66.3,85.0,58.2,70.3,1,6.7,4.84,3,5,57.3
S0487,6.0,71.5,39.7,57.7,53.6,47.8,11,7.1,7.07,3,6,51.0
S0488,6.1,71.7,55.0,67.3,47.1,62.5,7,8.3,7.81,4,6,67.2
S0489,5.3,65.6,44.4,60.1,72.1,67.9,10,5.4,4.5,5,4,56.9
S0490,3.6,84.5,87.2,64.9,63.5,77.0,5,6.2,8.47,5,3,74.1
S0491,2.8,85.1,41.7,76.4,45.2,67.5,3,5.9,6.35,3,6,69.5
S0492,1.6,72.8,70.2,72.1,58.3,31.1,8,6.8,6.69,4,5,49.7
S0493,6.6,84.6,49.8,94.3,68.7,89.8,11,6.4,8.51,1,2,77.2
S0494,3.3,63.4,60.1,67.2,52.3,76.7,2,8.4,7.38,2,1,66.7
S0495,2.5,56.7,75.8,52.5,34.8,74.6,0,7.0,4.39,5,2,53.2
S0496,8.0,77.9,51.3,55.7,96.4,50.6,14,8.2,6.78,3,7,80.9
S0497,6.6,94.0,87.5,80.3,79.9,46.7,2,6.2,6.62,1,2,77.8
S0498,2.8,64.7,44.0,53.7,72.2,54.4,5,5.6,5.21,4,2,57.2
S0499,4.8,65.6,59.5,66.3,78.5,74.1,13,6.5,8.36,3,3,73.1
S0500,8.0,81.9,63.7,89.3,81.7,72.2,3,5.3,6.41,5,6,75.4
S0501,7.8,65.7,78.3,52.0,64.2,73.6,15,7.7,5.74,1,3,72.5
S0502,3.6,74.1,49.1,72.8,61.0,70.3,1,6.5,6.12,2,7,59.1
S0503,2.3,79.9,48.6,78.5,53.4,42.4,15,9.6,8.99,1,7,72.5
S0504,6.9,82.6,81.4,82.2,93.0,75.0,8,6.5,4.63,3,4,84.9
S0505,4.3,82.3,68.9,63.7,53.1,80.3,0,9.4,4.45,3,6,73.5
S0506,2.5,49.6,84.5,62.1,83.3,83.0,4,9.2,7.14,5,7,75.1
S0507,4.6,81.2,81.7,70.6,67.6,84.2,0,8.0,7.23,4,1,79.8
S0508,6.8,85.4,39.1,89.2,69.3,48.3,12,8.6,6.76,4,1,73.6
S0509,4.1,89.1,44.1,55.0,49.6,69.1,6,5.0,7.42,3,3,47.7
S0510,2.5,58.0,89.3,68.1,73.3,59.7,5,6.9,5.5,1,6,66.9
S0511,7.7,81.6,55.5,51.6,47.2,57.6,12,7.6,7.86,4,2,74.1
S0512,2.5,47.9,50.5,71.4,75.7,48.4,4,7.3,6.09,2,2,57.9
S0513,5.1,86.6,85.9,82.9,71.7,48.7,0,7.1,5.45,3,4,65.0
S0514,4.1,61.3,51.1,52.3,70.4,73.5,13,8.5,4.49,1,1,52.5
S0515,4.0,78.8,35.3,71.4,44.6,89.6,15,7.0,5.62,4,4,58.5
S0516,3.7,84.0,93.7,66.4,83.1,65.0,9,5.0,6.8,2,6,88.7
S0517,3.0,98.7,67.6,54.7,69.7,50.9,5,9.3,7.61,4,3,67.8
S0518,3.6,80.9,77.5,73.4,62.8,39.3,1,6.4,5.65,3,1,62.0
S0519,4.6,72.9,74.5,67.5,64.9,41.7,8,8.5,5.88,3,7,64.2
S0520,4.1,68.0,63.3,75.2,49.2,30.0,12,8.8,5.03,5,1,58.9
S0521,3.3,92.6,42.9,78.5,73.8,74.5,0,4.8,4.71,3,2,55.0
S0522,4.7,52.6,79.1,75.7,48.1,46.1,11,6.6,9.57,1,6,75.0
S0523,7.6,88.9,63.3,93.1,52.6,66.4,12,8.2,5.21,4,3,66.0
S0524,3.5,56.5,66.2,89.9,79.1,70.8,1,6.7,4.83,2,4,51.5
S0525,2.7,57.9,55.5,80.8,59.3,84.3,14,8.8,7.63,3,6,66.7
S0526,6.6,61.4,59.2,62.7,82.6,50.7,8,4.7,5.96,1,5,71.8
S0527,4.5,61.8,79.6,74.3,79.0,47.0,3,8.4,6.59,2,1,60.6
S0528,7.9,78.1,55.1,70.8,80.5,76.8,4,9.3,6.61,3,7,65.3
S0529,6.7,61.8,59.0,86.5,85.4,68.6,15,6.9,7.05,5,2,76.5
S0530,4.2,73.5,42.7,54.7,94.3,62.8,1,5.2,8.93,1,3,46.0
S0531,4.4,94.6,47.3,69.8,29.0,42.3,8,8.3,3.98,1,2,51.5
S0532,6.4,81.4,60.7,32.0,85.8,56.4,4,7.9,6.98,2,6,54.0
S0533,3.4,95.7,59.6,59.4,70.8,73.7,7,7.7,8.11,2,2,70.1
S0534,2.6,83.2,67.1,65.3,57.7,62.9,11,6.6,7.06,3,2,48.7
S0535,2.7,74.6,47.3,40.5,49.3,65.0,10,5.2,6.09,2,2,51.2
S0536,4.9,83.2,74.0,61.1,85.2,82.2,3,7.5,6.09,4,3,71.8
S0537,6.5,74.9,67.6,49.3,77.0,60.7,10,9.3,5.72,5,5,68.9
S0538,3.7,67.4,72.2,71.4,71.4,60.7,4,6.5,6.87,4,2,70.9
S0539,5.2,85.6,71.6,82.0,75.0,65.2,3,8.0,6.85,5,1,80.5
S0540,4.6,82.8,85.1,84.5,45.8,46.3,15,9.2,6.77,3,5,89.4
S0541,8.6,68.3,61.3,89.3,64.2,45.3,0,6.2,6.47,2,7,80.2
S0542,4.8,80.9,57.0,40.0,66.7,55.5,11,8.1,7.08,3,3,67.5
S0543,3.9,82.7,61.4,77.3,49.0,31.3,4,7.7,6.66,3,4,49.4
S0544,5.0,87.7,65.2,33.3,83.9,54.8,0,6.1,7.29,5,5,65.6
S0545,6.4,65.9,71.4,63.9,78.8,84.2,1,6.1,6.23,2,2,62.9
S0546,4.2,82.7,81.5,53.9,63.1,68.1,14,7.4,6.17,5,5,81.9
S0547,6.4,59.1,84.8,55.3,69.6,80.8,15,5.8,4.3,3,2,93.4
S0548,2.7,70.0,62.3,80.4,74.0,75.0,3,6.6,6.3,3,1,68.3
S0549,3.8,70.4,36.2,90.7,70.3,88.3,15,8.2,6.81,2,6,63.1
S0550,8.1,71.3,67.1,82.4,59.2,83.2,14,7.2,3.47,2,1,79.2
S0551,8.2,56.2,41.8,36.6,43.7,54.9,11,7.6,7.18,1,4,66.9
S0552,3.0,79.3,33.7,70.9,66.5,60.5,10,8.4,7.07,4,3,58.0
S0553,5.5,60.3,43.5,71.5,55.3,62.0,10,6.0,3.84,3,3,54.7
S0554,2.6,65.8,74.2,49.1,73.0,49.0,4,6.3,7.54,3,4,61.0
S0555,2.9,79.3,63.4,96.2,61.2,62.5,1,8.0,5.9,1,2,59.0
S0556,7.2,72.5,70.3,44.4,87.2,53.7,2,7.6,8.48,1,4,57.2
S0557,9.1,81.5,45.6,65.4,52.8,61.1,5,7.8,8.49,3,2,65.7
S0558,7.0,48.4,59.4,74.4,50.3,71.8,15,7.8,4.23,4,3,77.1
S0559,6.6,78.2,59.0,97.0,81.6,58.8,9,6.3,5.13,2,1,72.1
S0560,5.8,79.9,71.3,36.5,62.8,48.4,9,6.9,4.6,3,2,62.5
S0561,5.5,81.1,70.8,73.7,61.0,75.0,11,7.8,6.57,5,3,67.1
S0562,3.9,61.2,54.1,81.2,60.9,79.3,2,7.0,8.55,2,3,64.1
S0563,4.7,69.1,75.5,79.1,47.8,77.1,1,6.7,7.55,2,2,66.5
S0564,5.8,72.9,68.6,73.2,50.4,55.0,3,5.1,6.83,2,6,73.2
S0565,2.8,81.8,73.1,52.3,43.3,65.6,9,8.8,6.86,4,7,77.0
S0566,7.1,88.4,66.1,56.5,70.9,52.2,14,8.3,6.4,5,5,82.7
S0567,2.2,85.8,53.9,58.6,65.2,70.0,15,7.1,5.63,5,7,62.1
S0568,6.0,74.2,55.6,83.6,72.0,60.8,14,5.3,6.92,3,1,76.1
S0569,6.0,56.4,57.1,70.8,64.1,55.6,1,9.2,8.12,5,1,77.1
S0570,4.6,50.5,77.3,68.7,86.8,64.0,5,5.3,5.67,5,5,76.6
S0571,1.7,87.8,71.6,92.3,34.1,53.8,0,8.7,6.47,4,6,73.5
S0572,8.4,52.2,76.5,70.2,45.4,29.5,3,7.2,3.17,1,2,58.3
S0573,5.2,58.2,48.6,61.8,92.3,63.1,7,7.6,5.19,1,3,70.7
S0574,8.0,88.1,74.3,50.8,92.6,61.3,13,4.9,6.18,4,4,73.5
S0575,5.2,67.6,59.4,75.0,63.2,51.4,3,6.4,7.95,2,2,57.1
S0576,5.7,81.7,75.2,68.1,36.8,47.3,3,6.2,7.14,5,4,75.4
S0577,4.7,53.8,70.5,53.9,66.9,47.8,0,9.2,4.43,1,7,64.5
S0578,3.4,88.7,57.2,74.2,82.4,85.1,3,7.2,6.16,5,1,75.4
S0579,6.6,72.2,64.9,65.0,44.8,76.7,2,6.6,7.96,1,4,67.2
S0580,5.1,91.4,54.9,84.4,60.3,45.7,11,7.0,7.21,2,2,64.2
S0581,4.0,83.4,75.7,63.0,46.5,59.7,0,8.2,6.27,4,3,64.9
S0582,8.2,94.9,67.6,89.4,33.0,68.1,9,5.3,9.26,4,2,80.8
S0583,4.4,64.2,63.1,66.7,94.2,60.9,6,5.3,7.26,2,6,60.2
S0584,3.2,84.0,56.7,79.4,80.9,64.6,2,9.1,8.35,3,7,66.6
S0585,5.7,79.4,63.7,66.8,77.2,56.5,10,8.8,5.72,1,5,72.8
S0586,6.5,84.9,59.1,40.0,56.2,58.5,6,8.5,6.22,1,2,65.2
S0587,5.6,67.2,50.5,82.5,54.9,39.8,9,7.1,8.03,3,5,55.0
S0588,8.7,72.8,58.7,38.2,44.6,50.3,14,7.4,7.94,3,4,67.1
S0589,4.8,74.0,56.4,69.4,81.3,72.5,3,8.2,8.65,3,4,69.9
S0590,4.8,81.6,57.7,75.2,61.0,58.9,8,8.4,5.96,1,3,58.6
S0591,4.5,81.8,68.8,74.5,56.1,87.1,15,7.5,4.89,4,3,82.5
S0592,4.5,82.6,85.2,76.2,84.4,90.5,2,8.5,8.56,2,4,78.7
S0593,6.3,54.6,41.8,82.9,81.4,47.2,6,5.9,7.14,5,3,52.9
S0594,1.6,54.2,67.9,70.9,71.2,61.9,15,6.5,8.99,3,6,70.2
S0595,4.2,75.0,77.8,76.5,50.7,74.3,4,8.7,6.09,4,7,69.4
S0596,8.3,70.7,59.0,78.5,43.6,82.4,1,8.4,7.43,2,7,66.3
S0597,3.7,68.9,46.4,65.3,54.4,58.6,13,6.1,5.4,1,4,50.9
S0598,8.7,92.4,71.5,57.6,75.9,79.2,10,5.4,6.85,1,2,78.1
S0599,5.2,83.0,86.8,82.2,59.6,75.3,1,6.5,8.56,2,3,86.2
S0600,3.7,53.9,65.7,59.3,40.1,56.1,12,5.4,5.58,3,1,52.8
S0601,5.3,78.9,52.6,58.6,33.7,60.9,3,8.1,6.89,2,7,63.3
S0602,4.9,80.3,86.3,92.0,63.7,61.1,1,5.5,7.57,4,6,67.3
S0603,2.7,78.8,61.2,82.4,43.2,73.7,6,5.2,4.33,4,3,63.1
S0604,1.7,95.0,57.2,54.5,84.4,38.3,15,6.7,3.04,2,7,62.5
S0605,3.9,70.0,70.1,59.8,82.3,53.2,4,9.0,7.04,3,4,65.7
S0606,8.1,93.7,44.3,77.5,92.1,85.7,5,7.3,4.65,3,7,86.3
S0607,4.3,88.0,71.3,66.0,67.3,80.9,12,7.4,9.08,4,4,89.0
S0608,4.4,78.8,72.0,58.7,60.9,66.3,2,5.7,6.99,4,1,73.3
S0609,2.5,67.0,48.5,67.1,48.8,68.8,1,6.6,4.73,5,4,61.7
S0610,3.4,67.5,72.6,70.4,84.5,74.8,12,8.4,6.32,5,4,77.4
S0611,4.9,62.1,84.4,40.7,63.9,36.8,13,6.9,6.53,4,2,58.8
S0612,4.0,75.4,35.6,84.9,74.4,61.7,14,6.3,9.02,2,5,67.5
S0613,4.5,83.4,48.3,53.1,68.5,79.8,10,7.4,7.4,3,5,71.6
S0614,5.8,72.0,74.8,66.5,54.8,81.6,7,5.9,9.52,2,1,77.2
S0615,3.7,70.4,65.0,52.0,33.1,92.4,1,9.8,7.64,5,7,64.9
S0616,8.0,86.8,71.5,90.4,42.3,39.7,14,6.8,7.53,4,2,75.4
S0617,7.1,85.3,49.3,63.3,47.1,70.3,4,5.5,8.29,1,2,83.0
S0618,7.7,67.1,50.2,70.2,69.7,57.9,12,9.1,5.73,1,1,72.6
S0619,4.3,74.9,73.0,85.3,35.8,48.5,6,7.9,5.19,5,2,77.0
S0620,6.5,82.4,77.0,76.3,70.6,82.7,6,7.4,8.14,4,4,74.3
S0621,2.3,64.6,57.9,69.4,73.9,76.5,11,8.2,9.62,2,3,67.6
S0622,8.0,69.1,67.9,47.7,64.0,45.2,9,6.5,8.17,5,6,62.9
S0623,3.1,74.3,50.7,66.1,72.6,60.7,10,6.6,6.79,1,2,57.4
S0624,8.8,74.0,53.7,57.8,83.6,57.8,6,7.5,5.57,4,3,67.8
S0625,7.6,68.6,68.1,50.9,69.5,57.7,11,6.7,7.6,5,7,88.5
S0626,5.3,69.4,52.8,91.9,68.5,68.5,12,6.3,8.18,3,3,74.7
S0627,3.7,85.6,85.4,42.7,84.6,49.0,14,6.2,6.39,4,5,80.3
S0628,3.4,86.0,65.6,79.3,75.7,49.2,15,6.9,9.64,2,5,75.7
S0629,3.5,90.6,73.7,60.6,84.6,78.2,15,6.0,6.31,3,3,71.4
S0630,3.4,76.8,87.2,75.4,63.0,71.0,14,7.6,6.42,1,5,84.5
S0631,5.4,83.1,63.3,72.2,69.7,69.5,11,5.9,6.96,1,7,66.8
S0632,4.0,93.7,71.0,63.0,97.0,79.5,2,6.5,7.49,1,2,70.9
S0633,5.7,90.9,70.5,64.1,68.7,33.2,13,8.4,6.0,1,7,70.5
S0634,4.5,82.8,47.8,83.0,39.3,53.3,7,6.5,6.45,2,1,53.8
S0635,4.1,78.7,64.3,65.7,62.5,57.9,14,6.3,6.99,3,5,64.5
S0636,4.8,66.2,42.5,63.5,36.8,77.1,4,6.7,7.71,4,1,63.8
S0637,5.2,73.0,61.6,94.5,65.7,67.6,6,8.9,5.49,3,4,70.1
S0638,5.7,74.8,44.4,72.8,72.3,40.4,2,7.6,4.41,3,7,56.9
S0639,2.5,66.5,54.4,69.1,83.5,35.8,11,6.1,6.6,3,5,59.7
S0640,6.5,75.4,72.8,40.2,38.9,57.9,5,5.5,6.68,4,2,60.2
S0641,2.4,92.8,58.5,63.9,72.5,89.2,12,6.6,5.42,1,3,72.3
S0642,8.8,76.1,48.2,77.6,76.8,81.4,13,5.1,5.1,4,6,72.9
S0643,5.9,72.4,75.1,47.5,72.2,57.2,5,6.5,5.6,5,5,64.2
S0644,2.3,69.0,74.5,70.4,63.6,38.4,0,5.9,5.88,1,6,49.4
S0645,5.9,77.4,76.4,73.4,63.5,64.4,10,9.5,7.9,3,4,65.3
S0646,3.4,76.8,46.3,56.0,56.4,62.0,12,8.2,7.46,2,3,61.4
S0647,2.4,66.1,45.0,66.2,63.2,67.5,2,4.6,8.03,4,2,51.7
S0648,7.0,48.6,85.9,78.7,80.5,63.3,8,6.3,7.9,4,2,74.2
S0649,2.8,73.7,70.2,52.3,64.5,65.1,11,7.4,9.1,5,7,70.9
S0650,5.0,69.0,71.1,65.4,43.5,75.5,4,7.1,5.53,2,5,70.5
S0651,1.9,69.6,70.3,72.4,96.6,67.7,13,6.1,6.38,5,1,76.1
S0652,9.0,86.1,79.0,81.6,55.5,53.2,8,7.5,7.47,5,2,89.2
S0653,2.2,85.6,84.7,67.0,55.3,56.3,9,5.9,8.4,4,4,83.8
S0654,4.9,77.2,63.8,87.0,52.8,41.8,2,4.5,9.53,5,6,73.6
S0655,2.8,71.8,89.5,73.6,78.9,65.9,5,5.5,6.89,4,4,71.1
S0656,5.2,82.3,58.1,44.1,56.2,52.1,14,6.0,3.23,5,4,66.8
S0657,3.9,84.1,74.9,76.0,64.1,43.5,13,5.8,6.96,5,7,66.6
S0658,6.4,75.5,61.2,68.8,86.6,47.3,15,6.8,7.11,3,4,66.8
S0659,4.4,88.1,50.7,84.5,67.7,51.8,8,7.8,6.86,3,2,66.8
S0660,2.7,71.5,68.0,51.9,89.6,83.7,6,7.9,5.57,1,2,61.1
S0661,3.4,75.6,57.2,43.3,72.7,68.5,12,7.0,7.28,3,7,78.5
S0662,4.4,82.9,48.1,42.3,42.0,63.5,6,7.0,6.46,5,2,60.5
S0663,5.6,80.0,56.6,43.5,77.5,62.2,2,5.1,6.98,5,5,71.2
S0664,5.5,85.7,55.7,58.8,71.2,48.0,3,8.6,7.71,2,5,57.0
S0665,6.6,75.6,83.0,58.1,96.3,68.4,8,6.2,8.12,3,2,71.2
S0666,5.8,75.9,67.8,89.2,35.3,70.8,6,7.3,9.2,1,6,74.8
S0667,4.8,85.1,62.4,55.7,52.1,82.2,8,4.1,6.19,1,7,73.8
S0668,5.5,86.3,51.0,79.3,81.8,87.4,10,8.6,8.68,1,3,67.9
S0669,5.0,61.1,60.2,60.0,34.1,68.9,12,7.7,5.89,4,2,75.9
S0670,4.3,78.8,91.3,60.7,62.0,44.8,13,7.6,4.0,4,5,73.8
S0671,4.2,92.4,35.0,82.2,77.9,49.4,6,8.0,6.15,3,7,60.2
S0672,4.6,63.3,60.0,78.7,70.3,69.5,2,8.7,4.27,4,4,71.8
S0673,6.2,64.4,51.1,70.2,72.1,85.4,3,4.3,6.3,2,1,63.4
S0674,3.0,84.4,34.5,79.0,67.4,68.1,15,4.6,5.39,4,3,66.6
S0675,5.2,74.5,43.3,85.6,58.8,51.4,0,6.8,5.91,3,1,55.8
S0676,8.7,93.6,64.9,87.6,69.0,40.4,1,6.1,7.83,4,4,68.8
S0677,4.9,75.7,36.7,56.0,63.0,93.1,2,4.6,6.65,1,1,75.5
S0678,5.9,66.8,39.6,65.8,51.0,64.7,4,9.7,3.48,1,1,61.7
S0679,7.0,77.3,88.1,46.5,53.0,54.1,0,6.2,5.63,1,6,68.5
S0680,1.6,55.0,60.7,53.4,68.0,49.7,12,8.7,5.77,2,4,53.1
S0681,7.9,73.4,75.1,68.8,56.2,47.2,15,7.7,7.11,5,1,82.9
S0682,6.7,76.1,39.1,84.6,34.8,87.1,11,7.7,6.96,1,6,75.3
S0683,6.9,48.4,55.3,53.6,43.6,76.1,1,6.2,7.64,2,3,65.1
S0684,4.8,84.4,60.8,80.1,53.7,84.6,3,6.5,8.18,5,3,63.1
S0685,9.1,80.4,72.2,67.1,72.0,60.3,12,8.1,4.75,3,6,82.3
S0686,5.0,69.7,55.0,53.7,41.0,57.7,0,9.1,7.32,5,3,64.1
S0687,6.0,81.6,63.0,57.2,73.8,63.6,8,8.5,5.07,2,7,51.7
S0688,2.9,58.3,62.9,50.5,53.3,84.6,1,6.7,7.09,2,7,52.5
S0689,4.6,77.0,37.8,48.3,54.0,54.4,9,7.2,7.43,2,5,62.3
S0690,1.7,82.8,68.4,91.2,36.1,62.9,4,5.0,5.91,3,2,63.6
S0691,2.7,88.1,45.2,79.4,69.4,47.7,5,9.1,9.04,3,4,68.2
S0692,5.4,71.9,59.9,68.3,80.5,75.5,7,8.5,6.71,1,2,72.8
S0693,4.1,78.5,45.1,56.5,46.9,69.1,10,6.4,9.7,4,2,58.9
S0694,3.1,81.0,60.1,83.4,51.0,60.5,1,7.7,4.86,2,2,57.1
S0695,6.7,70.6,82.4,48.7,53.0,63.8,12,7.0,7.6,4,2,75.9
S0696,4.4,59.5,87.5,52.5,56.0,46.7,15,8.1,6.53,4,2,78.5
S0697,5.4,79.1,59.2,62.2,73.0,69.9,15,5.9,5.74,2,2,63.5
S0698,2.6,72.8,65.6,70.7,34.2,57.2,5,7.7,6.63,2,7,59.7
S0699,3.9,88.9,62.1,56.9,57.0,65.6,10,7.8,6.22,3,6,51.2
S0700,2.9,57.9,59.6,69.2,40.7,56.4,10,8.2,7.28,5,2,54.6
S0701,3.9,83.1,45.8,71.5,57.7,35.9,1,9.2,5.38,4,1,68.1
S0702,7.0,87.0,51.9,70.5,82.0,87.3,6,6.8,9.6,2,2,83.6
S0703,5.4,84.5,53.9,60.5,96.9,75.4,1,5.7,4.69,4,5,77.6
S0704,8.3,69.8,47.5,56.3,78.2,52.9,2,9.0,8.21,1,4,67.1
S0705,4.2,53.5,66.2,48.0,57.7,73.8,12,5.8,6.49,2,6,45.6
S0706,8.8,88.5,49.6,41.9,73.3,69.1,15,6.1,6.45,2,3,65.7
S0707,1.1,88.8,43.0,91.3,96.0,73.9,11,6.9,9.11,2,5,63.8
S0708,3.1,80.9,79.4,73.8,66.9,75.1,2,6.2,8.09,5,2,77.0
S0709,3.1,48.8,85.5,74.7,57.9,79.8,9,6.8,5.05,1,3,66.0
S0710,8.8,72.1,72.1,73.8,79.9,48.9,0,5.8,9.33,1,7,74.9
S0711,6.5,96.1,41.0,43.2,60.3,65.7,6,9.6,7.44,5,6,87.4
S0712,6.1,71.6,56.7,54.9,47.0,70.3,10,5.1,7.84,2,1,66.6
S0713,6.4,89.6,58.4,36.8,59.6,72.6,12,5.3,5.59,5,4,64.3
S0714,4.0,72.4,83.1,47.9,29.4,43.0,11,6.3,5.05,1,4,55.5
S0715,3.6,84.4,89.8,61.3,54.0,73.5,12,7.2,8.0,3,2,69.5
S0716,3.2,60.0,80.2,67.0,34.8,48.5,13,8.9,7.41,1,2,66.3
S0717,8.2,84.7,35.8,60.2,42.7,71.9,6,4.9,7.31,1,3,72.2
S0718,5.3,77.8,73.7,95.3,49.7,51.0,2,6.8,7.17,5,2,75.8
S0719,3.4,68.4,74.3,44.2,78.0,82.0,0,7.1,5.92,2,5,66.3
S0720,6.8,68.1,50.2,86.7,33.6,76.3,5,8.0,4.71,1,5,61.0
S0721,4.0,84.8,72.4,82.4,49.9,67.1,5,4.7,5.48,2,2,73.9
S0722,4.9,89.9,93.1,72.1,63.9,63.0,13,9.1,6.59,3,4,69.0
S0723,6.0,60.2,58.7,96.0,65.4,66.4,7,7.5,7.17,3,7,66.4
S0724,3.8,57.9,40.9,41.6,69.9,36.5,14,6.8,5.77,1,3,54.1
S0725,2.3,84.3,57.2,51.6,83.8,49.2,13,9.4,7.15,1,7,71.1
S0726,3.5,86.5,45.6,56.4,62.8,58.2,6,5.6,7.56,3,6,65.4
S0727,5.7,81.8,79.1,89.4,57.0,53.3,5,6.7,8.26,5,6,68.7
S0728,2.2,81.9,65.8,52.7,62.1,35.6,14,6.6,8.04,2,6,65.3
S0729,6.8,55.2,70.4,55.8,63.8,59.5,1,9.0,7.26,2,5,61.9
S0730,4.7,45.9,71.3,78.2,77.6,40.5,15,7.4,6.37,2,2,58.7
S0731,2.5,70.9,48.2,88.7,81.7,38.5,8,6.7,8.39,3,7,51.6
S0732,1.2,94.6,55.2,98.2,47.7,75.9,4,5.0,6.57,3,1,60.8
S0733,3.9,70.1,68.1,56.9,50.9,80.9,11,6.8,6.9,4,4,86.4
S0734,4.7,82.8,70.0,96.2,65.6,70.2,11,5.9,7.86,3,5,75.6
S0735,3.6,76.0,82.2,69.0,63.2,61.7,4,6.7,6.38,3,2,61.9
S0736,8.2,74.1,74.6,85.6,66.1,35.4,4,4.9,8.37,5,1,76.7
S0737,7.1,80.6,71.8,62.1,80.2,70.4,14,7.3,6.57,1,5,73.5
S0738,5.0,82.5,63.8,75.8,91.7,45.0,0,5.8,5.27,3,7,70.4
S0739,3.9,80.1,52.5,69.3,67.7,94.5,0,7.1,5.21,1,5,52.9
S0740,5.6,96.0,73.9,88.8,64.9,56.2,10,8.1,4.44,3,1,82.1
S0741,3.8,84.2,76.7,83.5,59.3,66.0,7,4.9,6.93,3,6,64.7
S0742,5.0,82.6,73.8,43.6,79.4,85.7,0,9.1,6.56,1,7,62.4
S0743,5.7,49.0,28.8,48.3,42.7,56.7,11,7.3,4.14,1,4,53.0
S0744,6.9,81.4,76.8,51.4,61.9,59.4,10,6.9,7.36,1,4,88.0
S0745,4.8,74.0,71.3,71.8,67.1,78.7,6,9.2,6.61,4,7,79.7
S0746,4.9,68.1,75.4,88.6,72.1,88.8,8,6.0,6.89,3,2,88.8
S0747,8.6,63.2,52.7,65.5,67.5,56.0,5,5.0,6.99,3,6,66.0
S0748,1.5,82.4,63.7,31.7,65.8,65.6,8,7.0,7.78,2,5,63.5
S0749,9.0,87.2,43.7,63.9,56.3,81.4,1,9.3,7.0,5,7,58.5
S0750,2.9,80.2,40.4,71.2,83.8,80.7,7,5.4,7.28,1,5,66.0
S0751,7.1,78.5,76.0,59.5,82.4,53.9,8,6.3,5.61,4,2,77.6
S0752,7.0,78.7,72.7,37.3,43.6,64.0,14,5.4,6.73,5,3,69.6
S0753,1.3,88.0,60.0,74.2,72.8,74.0,13,5.3,8.49,3,7,76.3
S0754,7.0,65.5,36.0,94.2,93.0,43.1,0,7.8,7.71,3,6,71.9
S0755,3.3,84.3,89.9,64.7,83.7,41.6,3,6.2,5.02,2,1,58.7
S0756,3.1,60.9,63.6,38.1,78.2,85.1,6,7.1,6.42,4,5,57.4
S0757,4.8,88.8,80.3,66.2,43.5,66.1,6,8.8,7.16,5,6,73.3
S0758,3.6,86.2,63.7,76.2,33.4,87.7,4,7.1,7.97,4,6,75.2
S0759,4.1,66.9,56.5,78.6,75.7,51.4,12,5.7,6.41,2,5,71.5
S0760,6.3,76.5,62.8,71.7,66.4,55.5,1,7.8,7.87,3,3,54.4
S0761,6.8,84.4,93.3,58.3,45.8,64.1,2,6.7,9.19,2,5,86.0
S0762,3.4,97.0,53.2,62.3,63.1,37.7,11,8.1,5.79,4,6,72.4
S0763,4.7,93.0,55.1,70.0,40.8,49.1,14,5.7,4.89,1,5,61.8
S0764,4.0,84.4,53.9,73.8,51.8,53.6,1,9.1,7.07,1,3,64.5
S0765,2.9,93.4,80.1,94.0,52.5,54.8,12,8.4,8.32,1,3,75.1
S0766,4.2,52.9,60.2,79.8,72.5,70.9,4,7.0,7.02,5,5,57.3
S0767,6.3,64.3,83.7,74.6,59.1,79.6,8,8.1,3.68,5,1,83.5
S0768,4.3,87.7,56.5,73.2,64.2,61.1,6,7.4,5.36,3,5,56.3
S0769,5.0,82.5,39.3,78.5,97.5,27.6,10,8.8,5.98,1,3,56.6
S0770,3.8,84.7,64.1,56.0,59.6,59.5,1,8.0,5.81,1,6,51.5
S0771,5.6,75.9,56.9,42.9,54.8,50.6,10,6.8,5.42,3,7,74.7
S0772,4.1,81.6,83.8,33.0,82.2,46.7,6,7.8,6.57,2,5,66.2
S0773,4.7,80.0,39.0,70.9,64.1,73.9,12,8.1,6.2,4,5,74.9
S0774,7.6,79.4,43.3,59.2,86.7,50.8,8,9.7,8.99,1,4,65.9
S0775,3.0,75.2,79.7,66.6,77.3,60.6,5,7.2,6.86,4,7,62.5
S0776,4.5,71.5,32.2,82.6,66.0,60.3,6,7.6,7.67,3,6,69.8
S0777,1.7,56.9,85.9,67.8,74.0,65.4,2,7.3,7.7,2,2,59.9
S0778,3.6,69.4,71.4,71.9,70.3,67.0,3,7.9,7.66,1,5,62.9
S0779,4.5,67.4,76.2,84.3,92.6,59.2,9,7.2,5.68,1,5,65.6
S0780,6.7,63.7,81.4,83.6,87.3,83.6,7,6.5,5.62,1,7,75.6
S0781,6.7,65.5,48.8,78.8,48.3,53.9,7,6.5,6.03,2,1,47.6
S0782,7.1,77.6,70.4,35.1,60.5,95.8,13,9.6,5.21,2,1,78.7
S0783,4.4,83.2,50.2,52.7,90.2,68.8,14,7.9,7.21,1,1,69.0
S0784,4.5,71.5,60.2,67.9,72.2,80.2,12,5.6,8.29,4,3,69.6
S0785,5.5,50.3,48.2,48.0,58.0,71.5,3,6.8,5.1,4,4,46.4
S0786,2.4,72.1,77.6,56.0,38.0,35.3,7,8.4,6.3,4,2,54.1
S0787,6.9,94.6,58.0,67.2,32.8,78.1,14,7.1,7.99,3,1,79.1
S0788,2.5,89.9,52.4,43.4,43.4,67.4,14,8.6,8.1,3,2,66.2
S0789,3.9,81.4,37.9,50.4,47.0,46.9,3,7.5,7.62,4,2,61.9
S0790,3.1,88.9,37.5,85.4,71.7,65.2,10,8.4,6.08,2,6,79.1
S0791,6.7,82.2,50.5,94.1,59.4,54.9,15,6.5,6.48,5,6,69.0
S0792,5.0,75.0,74.8,66.4,42.0,33.9,5,4.3,3.65,3,4,55.0
S0793,5.3,67.3,49.1,87.5,50.3,69.4,12,7.3,7.93,5,3,72.8
S0794,4.9,97.0,65.4,48.6,73.1,75.0,12,8.9,8.1,3,2,73.8
S0795,6.7,55.7,67.6,60.9,76.8,41.0,1,6.9,7.41,3,7,62.6
S0796,9.3,86.4,63.0,72.2,63.8,64.7,7,6.1,6.83,1,6,73.7
S0797,4.2,77.5,67.5,76.6,47.0,59.6,6,7.5,7.28,2,6,64.2
S0798,3.0,63.5,47.0,68.5,82.6,71.3,9,6.1,7.51,3,6,60.0
S0799,6.4,90.7,72.4,62.3,90.9,53.7,9,9.9,7.22,3,2,65.8
S0800,7.0,78.3,89.3,67.2,58.2,64.5,4,5.8,7.88,3,5,82.4
